Date,SAS Date,Wednesday?,CatACOE,CatAQuota,CatABids,CatBCOE,CatBQuota,CatBBids,CatECOE,CatEQuota,CatEBids,A_bids/Quota,B_bids/Quota,E_bids/Quota
15/3/02,16/3/02,20/3/02,33201,1468,2800,34200,651,1052,34501,817,1594,1.907356948,1.615975422,1.951040392
1/4/02,1/4/02,3/4/02,37201,1110,2484,39509,558,1119,41001,682,1797,2.237837838,2.005376344,2.634897361
15/4/02,16/4/02,17/4/02,36000,1149,1890,42101,553,1104,42043,754,1407,1.644908616,1.996383363,1.866047745
1/5/02,1/5/02,8/5/02,35000,1128,1705,40001,560,1043,40001,960,1880,1.511524823,1.8625,1.958333333
15/5/02,16/5/02,22/5/02,33401,1111,1320,38001,552,894,38399,910,1835,1.188118812,1.619565217,2.016483516
1/6/02,1/6/02,5/6/02,33009,1111,1382,33001,595,885,34397,939,1777,1.243924392,1.487394958,1.892438765
15/6/02,16/6/02,19/6/02,30281,1141,1382,32499,563,888,32511,942,1825,1.21121823,1.577264654,1.937367304
1/7/02,1/7/02,3/7/02,31407,1116,1890,31583,579,946,32356,910,1549,1.693548387,1.633851468,1.702197802
15/7/02,16/7/02,17/7/02,30797,1118,1647,30008,561,850,30501,910,1242,1.473166369,1.515151515,1.364835165
1/8/02,1/8/02,7/8/02,30289,1118,1640,31889,555,1149,31899,916,1370,1.466905188,2.07027027,1.495633188
15/8/02,16/8/02,21/8/02,31289,1110,1480,32001,560,873,32001,914,1386,1.333333333,1.558928571,1.516411379
1/9/02,1/9/02,4/9/02,30501,1113,1337,31617,553,715,31493,926,1321,1.201257862,1.292947559,1.426565875
15/9/02,16/9/02,18/9/02,28409,1120,1286,28009,569,756,29499,936,1438,1.148214286,1.328646749,1.536324786
1/10/02,1/10/02,9/10/02,31334,1115,1889,31795,553,917,30989,917,1501,1.694170404,1.658227848,1.636859324
15/10/02,16/10/02,23/10/02,30758,1112,1624,30811,552,850,30801,910,1377,1.460431655,1.539855072,1.513186813
1/11/02,1/11/02,6/11/02,29113,1346,1724,27667,663,866,27999,1097,1663,1.280832095,1.306184012,1.515952598
15/11/02,16/11/02,20/11/02,29008,1334,1942,28001,663,879,28005,1095,1445,1.455772114,1.325791855,1.319634703
1/12/02,1/12/02,4/12/02,28501,1332,1851,27289,663,822,28487,1105,1477,1.38963964,1.239819005,1.336651584
15/12/02,16/12/02,18/12/02,26993,1338,1546,23890,728,977,27119,1091,1501,1.155455904,1.342032967,1.375802016
1/1/03,1/1/03,8/1/03,28489,1342,2153,29099,707,1128,29001,1094,1645,1.604321908,1.595473833,1.503656307
15/1/03,16/1/03,22/1/03,26499,1333,1651,25028,662,919,27416,1099,1515,1.23855964,1.388217523,1.378525933
1/2/03,1/2/03,5/2/03,31003,1339,2405,33657,663,1342,33901,1090,1906,1.796116505,2.02413273,1.748623853
15/2/03,16/2/03,19/2/03,29999,1340,2251,30699,663,1148,30100,1090,1517,1.679850746,1.731523379,1.391743119
1/3/03,1/3/03,5/3/03,28308,1332,1990,27999,670,965,27000,1090,1523,1.493993994,1.440298507,1.397247706
15/3/03,16/3/03,19/3/03,26999,1337,1923,26001,666,944,25501,1096,1676,1.43829469,1.417417417,1.52919708
1/4/03,1/4/03,9/4/03,27497,1473,2816,26601,919,1790,27501,946,1535,1.911744739,1.947769314,1.622621564
15/4/03,16/4/03,23/4/03,28054,1474,2728,27058,938,1762,28109,898,1471,1.850746269,1.878464819,1.638084633
1/5/03,1/5/03,7/5/03,29299,1479,3284,28589,914,1788,29538,891,1320,2.220419202,1.956236324,1.481481481
15/5/03,16/5/03,21/5/03,31095,1471,2621,31400,915,1592,31800,888,1478,1.781781101,1.73989071,1.664414414
1/6/03,1/6/03,4/6/03,31799,1470,2388,31501,913,1448,32597,887,1417,1.624489796,1.585980285,1.597519729
15/6/03,16/6/03,18/6/03,31440,1478,2267,31505,914,1281,32000,890,1328,1.533829499,1.401531729,1.492134831
1/7/03,1/7/03,9/7/03,32079,1471,2341,32779,917,1359,32799,898,1379,1.591434398,1.482006543,1.535634744
15/7/03,16/7/03,23/7/03,31501,1477,1881,31889,918,1209,32593,898,1337,1.27352742,1.316993464,1.488864143
1/8/03,1/8/03,6/8/03,30497,1479,1828,31001,912,1159,31889,892,1401,1.23597025,1.270833333,1.570627803
15/8/03,16/8/03,20/8/03,30989,1477,1773,29900,945,1171,30099,894,1312,1.200406229,1.239153439,1.467561521
1/9/03,1/9/03,3/9/03,25011,1479,1611,28001,919,1163,29000,891,1358,1.089249493,1.265505985,1.524130191
15/9/03,16/9/03,17/9/03,30629,1473,2798,30048,915,1344,30589,889,1345,1.899524779,1.468852459,1.512935883
1/10/03,1/10/03,8/10/03,28915,1914,3039,28199,1175,1565,28997,1167,1594,1.587774295,1.331914894,1.365895458
15/10/03,16/10/03,22/10/03,28300,1925,2558,27989,1163,1374,27900,1154,1551,1.328831169,1.181427343,1.344020797
1/11/03,1/11/03,5/11/03,26338,1921,2106,26001,1160,1368,26700,1172,1690,1.096304008,1.179310345,1.441979522
15/11/03,16/11/03,19/11/03,26725,1911,2315,25481,1157,1344,26999,1155,1495,1.21140764,1.161624892,1.294372294
1/12/03,1/12/03,3/12/03,24401,1911,2020,24112,1181,1401,25299,1164,1508,1.0570382,1.186282811,1.295532646
15/12/03,16/12/03,17/12/03,24251,1911,2376,22295,1156,1295,24502,1356,1789,1.2433281,1.120242215,1.319321534
1/1/04,1/1/04,7/1/04,23801,1919,2549,24293,1158,1516,24019,1162,1655,1.328295987,1.309153713,1.424268503
15/1/04,16/1/04,21/1/04,24001,1912,2616,22002,1160,1468,22801,1152,1724,1.368200837,1.265517241,1.496527778
1/2/04,1/2/04,4/2/04,24489,1917,2701,23508,1156,1474,24016,1170,1678,1.408972353,1.275086505,1.434188034
15/2/04,16/2/04,18/2/04,24389,1925,2534,22001,1162,1404,23801,1154,1402,1.316363636,1.208261618,1.214904679
1/3/04,1/3/04,3/3/04,24597,1923,2539,25699,1163,1516,25492,1159,1615,1.320332813,1.303525365,1.393442623
15/3/04,16/3/04,17/3/04,24940,1919,2613,25058,1160,1445,26401,1156,1481,1.361646691,1.245689655,1.281141869
1/4/04,1/4/04,7/4/04,26689,1937,3386,28001,949,1350,28339,1039,1500,1.748064017,1.422550053,1.443695861
15/4/04,16/4/04,21/4/04,27564,1947,3042,28022,939,1347,28108,1048,1439,1.562403698,1.434504792,1.373091603
1/5/04,1/5/04,5/5/04,27507,1943,2565,26700,934,1192,28000,1037,1372,1.32012352,1.276231263,1.323047252
15/5/04,16/5/04,19/5/04,27501,1933,2236,27990,932,1175,28101,1032,1489,1.156751164,1.260729614,1.442829457
1/6/04,1/6/04,9/6/04,28798,1934,2722,30300,937,1374,30301,1032,1473,1.407445708,1.46638207,1.427325581
15/6/04,16/6/04,23/6/04,28331,1944,2302,30400,932,1217,29999,1030,1585,1.184156379,1.305793991,1.538834951
1/7/04,1/7/04,7/7/04,27769,1941,2193,28990,940,1154,28499,1041,1411,1.129829985,1.227659574,1.355427474
15/7/04,16/7/04,21/7/04,27019,1933,2104,27001,932,1107,27792,1111,1436,1.088463528,1.18776824,1.292529253
1/8/04,1/8/04,4/8/04,26298,1934,2145,27086,940,1095,27295,1038,1365,1.10910031,1.164893617,1.315028902
15/8/04,16/8/04,18/8/04,25797,1938,2237,26301,949,1065,26401,1034,1378,1.154282766,1.12223393,1.332688588
1/9/04,1/9/04,8/9/04,26801,1936,2628,27799,934,1214,27500,1031,1580,1.357438017,1.299785867,1.532492726
15/9/04,16/9/04,22/9/04,24189,1939,2126,26101,934,1129,26199,1029,1300,1.096441465,1.208779443,1.263362488
1/10/04,1/10/04,6/10/04,23001,2523,3106,23001,1145,1505,22000,1340,2199,1.231074118,1.31441048,1.641044776
15/10/04,16/10/04,20/10/04,23784,2515,3805,23005,1137,1434,23369,1381,1858,1.512922465,1.26121372,1.345401883
1/11/04,1/11/04,3/11/04,22496,2514,3115,21301,1137,1323,21798,1359,1835,1.239061257,1.163588391,1.350257542
15/11/04,16/11/04,17/11/04,22001,2514,3095,20300,1137,1326,21999,1336,1784,1.231105807,1.166226913,1.335329341
1/12/04,1/12/04,8/12/04,22463,2520,3224,21302,1143,1402,22809,1342,1698,1.279365079,1.226596675,1.265275708
15/12/04,16/12/04,22/12/04,20117,2520,2709,18708,1139,1270,21298,1366,1766,1.075,1.115013169,1.292825769
1/1/05,1/1/05,5/1/05,18400,2513,2677,14002,1139,1311,19295,1336,1725,1.065260645,1.151009658,1.291167665
15/1/05,16/1/05,19/1/05,19501,2513,3793,19502,1148,1834,19002,1338,1890,1.509351373,1.597560976,1.412556054
1/2/05,1/2/05,9/2/05,18200,2514,3394,16533,1137,1450,17300,1337,1809,1.350039777,1.27528584,1.35302917
15/2/05,16/2/05,23/2/05,18159,2518,3140,16891,1140,1443,17999,1372,2168,1.247021446,1.265789474,1.580174927
1/3/05,1/3/05,9/3/05,20654,2516,3784,21710,1137,1656,21999,1338,1961,1.503974563,1.45646438,1.465620329
15/3/05,16/3/05,23/3/05,18901,2520,3176,18001,1140,1355,19001,1359,1799,1.26031746,1.188596491,1.323767476
1/4/05,1/4/05,6/4/05,18279,2200,2685,16110,1103,1367,18802,1140,1792,1.220454545,1.239347235,1.571929825
15/4/05,16/4/05,20/4/05,18101,2264,2563,17701,1107,1357,18000,1160,1694,1.132067138,1.225835592,1.460344828
1/5/05,1/5/05,4/5/05,17398,2193,2594,16508,1100,1339,17699,1138,1719,1.182854537,1.217272727,1.510544815
15/5/05,16/5/05,18/5/05,16897,2254,2548,16108,1100,1322,17399,1150,1695,1.130434783,1.201818182,1.473913043
1/6/05,1/6/05,8/6/05,17481,2201,2873,16002,1113,1346,18200,1151,1654,1.305315766,1.209344115,1.437011295
15/6/05,16/6/05,22/6/05,17289,2196,2636,15001,1113,1299,17999,1152,1538,1.200364299,1.167115903,1.335069444
1/7/05,1/7/05,6/7/05,16112,2220,2445,15501,1114,1374,17199,1155,1534,1.101351351,1.233393178,1.328138528
15/7/05,16/7/05,20/7/05,16500,2203,2758,16501,1114,1414,17199,1181,1561,1.251929187,1.26929982,1.321761219
1/8/05,1/8/05,3/8/05,16502,2195,2843,15889,1112,1318,16999,1154,1653,1.295216401,1.185251799,1.432409012
15/8/05,16/8/05,17/8/05,16101,2199,2421,16303,1101,1412,16296,1199,1575,1.10095498,1.282470481,1.313594662
1/9/05,1/9/05,7/9/05,16461,2194,2854,16889,1109,1484,16699,1155,1558,1.300820419,1.338142471,1.348917749
15/9/05,16/9/05,21/9/05,15309,2202,2428,14808,1108,1270,15699,1139,1433,1.102633969,1.146209386,1.258121159
1/10/05,1/10/05,5/10/05,11991,2785,3188,11002,1288,1485,12000,1417,1706,1.14470377,1.152950311,1.203952011
15/10/05,16/10/05,19/10/05,14501,2808,5927,14101,1267,2046,14503,1441,2115,2.110754986,1.6148382,1.467730743
1/11/05,1/11/05,9/11/05,14700,2786,5624,14751,1265,2086,14801,1460,1905,2.018664752,1.649011858,1.304794521
15/11/05,16/11/05,23/11/05,14001,2834,4781,14897,1282,1692,14505,1408,2002,1.68701482,1.319812793,1.421875
1/12/05,1/12/05,7/12/05,13700,2792,4171,13301,1267,1499,14200,1414,2112,1.493911175,1.183109708,1.493635078
15/12/05,16/12/05,21/12/05,12081,2858,3309,9001,1271,1386,13302,1394,1927,1.157802659,1.090479937,1.382352941
1/1/06,1/1/06,4/1/06,10602,2787,3076,11602,1277,1876,11701,1403,1859,1.10369573,1.469068128,1.325017819
15/1/06,16/1/06,18/1/06,8009,2785,3213,9603,1275,1483,9801,1402,1655,1.153680431,1.163137255,1.180456491
1/2/06,1/2/06,8/2/06,10284,2794,5517,9501,1265,1726,9275,1397,1785,1.974588404,1.364426877,1.27773801
15/2/06,16/2/06,22/2/06,10103,2787,5030,10489,1274,1866,10400,1397,2080,1.804808037,1.464678179,1.488904796
1/3/06,1/3/06,8/3/06,11199,2792,5001,12555,1268,1926,12697,1395,2102,1.791189112,1.518927445,1.506810036
15/3/06,16/3/06,22/3/06,11904,2792,4381,13556,1267,1830,13689,1395,2000,1.569126074,1.444356748,1.433691756
1/4/06,1/4/06,5/4/06,11901,2222,3183,13402,1084,1420,13301,1119,1657,1.432493249,1.3099631,1.480786416
15/4/06,16/4/06,19/4/06,11901,2225,2762,13101,1086,1299,13000,1112,1514,1.241348315,1.196132597,1.361510791
1/5/06,1/5/06,3/5/06,10003,2223,2426,11519,1089,1293,12402,1118,1475,1.091318039,1.187327824,1.319320215
15/5/06,16/5/06,17/5/06,10100,2222,2473,11801,1091,1337,11717,1176,1570,1.112961296,1.22548121,1.335034014
1/6/06,1/6/06,7/6/06,11202,2217,2688,12200,1096,1426,12000,1119,1933,1.212449256,1.301094891,1.72743521
15/6/06,16/6/06,21/6/06,9301,2217,2393,11001,1088,1256,11002,1111,1716,1.079386558,1.154411765,1.544554455
1/7/06,1/7/06,5/7/06,10201,2216,2867,10801,1084,1240,10803,1147,1678,1.293772563,1.143911439,1.462946818
15/7/06,16/7/06,19/7/06,10803,2221,2776,10600,1089,1332,11101,1127,1718,1.249887438,1.223140496,1.524401065
1/8/06,1/8/06,9/8/06,11901,2222,3333,12501,1084,1365,12699,1116,1669,1.5,1.259225092,1.495519713
15/8/06,16/8/06,23/8/06,12989,2225,3398,13890,1085,1406,13605,1112,1889,1.527191011,1.295852535,1.698741007
1/9/06,1/9/06,6/9/06,13003,2223,2878,14701,1104,1448,15200,1113,1911,1.294646874,1.311594203,1.716981132
15/9/06,16/9/06,20/9/06,13102,2223,2921,14399,1086,1440,14900,1115,1871,1.313990103,1.325966851,1.678026906
1/10/06,1/10/06,4/10/06,12001,2670,2953,12501,1272,1496,13000,1370,2056,1.105992509,1.176100629,1.500729927
15/10/06,16/10/06,18/10/06,10510,2669,2761,12989,1269,1530,12605,1295,1976,1.034469839,1.205673759,1.525868726
1/11/06,1/11/06,8/11/06,12979,2695,4013,13811,1288,1683,14156,1360,2122,1.489053803,1.306677019,1.560294118
15/11/06,16/11/06,22/11/06,12689,2669,3499,14509,1269,1696,14501,1287,1981,1.310977894,1.336485422,1.539238539
1/12/06,1/12/06,6/12/06,12200,2670,3018,14389,1269,1521,14669,1283,1991,1.130337079,1.19858156,1.551831645
15/12/06,16/12/06,20/12/06,9605,2670,2886,12889,1272,1413,13499,1290,1708,1.080898876,1.110849057,1.324031008
1/1/07,1/1/07,3/1/07,11704,2668,3686,13001,1271,1460,13301,1304,1863,1.38155922,1.14870181,1.428680982
15/1/07,16/1/07,17/1/07,11881,2671,3155,12000,1301,1446,12599,1369,1832,1.181205541,1.111452729,1.338203068
1/2/07,1/2/07,7/2/07,11489,2673,3005,12152,1272,1449,12721,1290,1784,1.124205013,1.139150943,1.382945736
15/2/07,16/2/07,21/2/07,5200,2670,2823,6002,1272,1382,11804,1301,1686,1.057303371,1.086477987,1.295926211
1/3/07,1/3/07,7/3/07,12602,2687,5296,13502,1274,2248,13201,1282,2159,1.970971344,1.764521193,1.684087363
15/3/07,16/3/07,21/3/07,13504,2669,4752,14652,1272,1840,14502,1289,2217,1.780442113,1.446540881,1.719937936
1/4/07,1/4/07,4/4/07,14000,2165,3691,14889,1149,1720,15315,1092,1867,1.704849885,1.496953873,1.70970696
15/4/07,16/4/07,18/4/07,14601,2168,3327,15989,1130,1587,16101,1103,1847,1.534594096,1.404424779,1.674524025
1/5/07,1/5/07,9/5/07,16159,2163,3449,17879,1125,1811,17856,1089,2033,1.594544614,1.609777778,1.866850321
15/5/07,16/5/07,23/5/07,17010,2158,2825,18900,1127,1679,19510,1091,1897,1.309082484,1.489795918,1.738771769
1/6/07,1/6/07,6/6/07,16181,2159,2441,19802,1132,1679,19351,1094,1760,1.130616026,1.483215548,1.608775137
15/6/07,16/6/07,20/6/07,15591,2169,2489,18891,1146,1460,18539,1089,1711,1.147533426,1.27399651,1.571166208
1/7/07,1/7/07,4/7/07,14801,2159,2480,17399,1143,1364,17400,1090,1672,1.148679944,1.193350831,1.533944954
15/7/07,16/7/07,18/7/07,16000,2208,2678,17602,1133,1393,17410,1105,1629,1.212862319,1.229479259,1.474208145
1/8/07,1/8/07,8/8/07,17001,2168,2632,18001,1125,1458,18003,1089,1623,1.21402214,1.296,1.490358127
15/8/07,16/8/07,22/8/07,8118,2189,2315,16010,1124,1288,17302,1093,1538,1.05756053,1.145907473,1.407136322
1/9/07,1/9/07,5/9/07,17999,2309,3753,18200,1136,1594,19323,1096,1747,1.625378952,1.403169014,1.593978102
15/9/07,16/9/07,19/9/07,17941,2159,3055,19589,1125,1581,19199,1116,1789,1.415006948,1.405333333,1.603046595
1/10/07,1/10/07,3/10/07,16999,2165,2604,17102,1125,1409,18000,1087,1527,1.202771363,1.252444444,1.404783809
15/10/07,16/10/07,17/10/07,12401,2158,2472,17589,1133,1370,18000,1088,1586,1.145505097,1.20917917,1.457720588
1/11/07,1/11/07,7/11/07,16839,2164,3040,18001,1125,1438,17809,1112,1653,1.404805915,1.278222222,1.486510791
15/11/07,16/11/07,21/11/07,14404,2158,2450,16401,1126,1339,17001,1147,1683,1.135310473,1.189165187,1.467306016
1/12/07,1/12/07,5/12/07,12001,2174,2373,13114,1163,1334,15501,1088,1699,1.091536339,1.147033534,1.561580882
15/12/07,16/12/07,19/12/07,14001,2162,2588,15802,1125,1578,16000,1104,1564,1.197039778,1.402666667,1.416666667
1/1/08,1/1/08,9/1/08,14052,2162,2553,15989,1172,1556,15601,1094,1658,1.180851064,1.327645051,1.515539305
15/1/08,16/1/08,23/1/08,12001,2231,2611,13289,1144,1328,13801,1169,1829,1.170327208,1.160839161,1.564585115
1/2/08,1/2/08,6/2/08,12002,2167,3005,13209,1133,1454,13301,1093,1786,1.386709737,1.283318623,1.634034767
15/2/08,16/2/08,20/2/08,12856,2291,2923,15510,1125,1632,15110,1106,1692,1.275862069,1.450666667,1.529837251
1/3/08,1/3/08,5/3/08,14351,2171,2727,18000,1125,1499,18670,1088,1929,1.256103178,1.332444444,1.772977941
15/3/08,16/3/08,19/3/08,15389,2161,2474,19001,1130,1387,18854,1088,1713,1.144840352,1.227433628,1.574448529
1/4/08,1/4/08,9/4/08,16930,2043,2570,19501,1132,1382,19389,881,1348,1.257953989,1.220848057,1.530079455
15/4/08,16/4/08,23/4/08,15600,2036,2197,17510,1119,1324,18451,877,1266,1.079076621,1.183199285,1.443557583
1/5/08,1/5/08,7/5/08,11009,2053,2211,15889,1101,1230,16500,886,1416,1.076960546,1.117166213,1.598194131
15/5/08,16/5/08,21/5/08,15701,2063,2824,17113,1100,1396,16700,876,1345,1.368880271,1.269090909,1.535388128
1/6/08,1/6/08,4/6/08,14590,2038,2500,14640,1125,1282,16301,882,1221,1.226692836,1.139555556,1.384353741
15/6/08,16/6/08,18/6/08,14101,2037,2319,14689,1099,1280,15459,878,1352,1.138438881,1.164695177,1.539863326
1/7/08,1/7/08,9/7/08,14685,2036,2463,15501,1099,1383,15661,875,1258,1.209724951,1.258416742,1.437714286
15/7/08,16/7/08,23/7/08,14101,2048,2464,14235,1099,1307,14858,880,1178,1.203125,1.189262966,1.338636364
1/8/08,1/8/08,6/8/08,12501,2035,2267,12889,1104,1253,14101,884,1229,1.114004914,1.134963768,1.390271493
15/8/08,16/8/08,20/8/08,13289,2036,2318,13890,1099,1362,14001,883,1318,1.138506876,1.239308462,1.492638732
1/9/08,1/9/08,3/9/08,9501,2038,2172,13389,1099,1195,14300,880,1503,1.065750736,1.087352138,1.707954545
15/9/08,16/9/08,17/9/08,14100,2035,2765,13301,1127,1288,14889,880,1408,1.358722359,1.142857143,1.6
1/10/08,1/10/08,8/10/08,13801,1856,2320,14400,1132,1338,15058,754,1144,1.25,1.181978799,1.517241379
15/10/08,16/10/08,22/10/08,10989,1846,2149,7589,1100,1302,12001,769,1100,1.164138678,1.183636364,1.430429129
1/11/08,1/11/08,5/11/08,10455,1848,2049,8301,1099,1216,10490,760,1061,1.108766234,1.106460419,1.396052632
15/11/08,16/11/08,19/11/08,2,1851,1852,4889,1100,1181,6889,757,1027,1.000540249,1.073636364,1.35667107
1/12/08,1/12/08,3/12/08,7721,1840,3149,6501,1100,1411,7589,761,1337,1.711413043,1.282727273,1.756898817
15/12/08,16/12/08,17/12/08,6200,1851,2788,2656,1102,1318,6509,759,1138,1.506212858,1.19600726,1.499341238
1/1/09,1/1/09,7/1/09,5001,1839,2541,3089,1100,1332,5701,767,1118,1.381729201,1.210909091,1.457627119
15/1/09,16/1/09,21/1/09,2693,1839,2109,200,1099,1179,3200,758,1025,1.146818923,1.072793449,1.352242744
1/2/09,1/2/09,4/2/09,1020,1894,2077,689,1099,1231,3000,756,1225,1.096620908,1.12010919,1.62037037
15/2/09,16/2/09,18/2/09,4460,1846,2722,4889,1101,1675,5889,762,1507,1.474539545,1.521344233,1.977690289
1/3/09,1/3/09,4/3/09,4890,1839,2376,5101,1101,1346,5700,762,1298,1.292006525,1.222524977,1.703412073
15/3/09,16/3/09,18/3/09,5116,1843,2202,5001,1110,1359,5982,768,1228,1.194791101,1.224324324,1.598958333
1/4/09,1/4/09,8/4/09,7090,1396,2026,7501,761,1036,7326,720,1202,1.451289398,1.361366623,1.669444444
15/4/09,16/4/09,22/4/09,7589,1396,1906,7490,769,1001,7789,717,1365,1.365329513,1.301690507,1.90376569
1/5/09,1/5/09,6/5/09,8489,1396,2037,7552,814,1021,8501,716,1409,1.459169054,1.254299754,1.967877095
15/5/09,16/5/09,20/5/09,9889,1402,1999,9180,774,1051,10046,725,1285,1.425820257,1.357881137,1.772413793
1/6/09,1/6/09,3/6/09,11690,1401,1967,11889,760,1131,12901,719,1335,1.403997145,1.488157895,1.85674548
15/6/09,16/6/09,17/6/09,12899,1415,1735,14840,760,1066,15100,717,1516,1.22614841,1.402631579,2.114365411
1/7/09,1/7/09,8/7/09,14310,1405,1655,16801,780,1052,17501,720,1278,1.177935943,1.348717949,1.775
15/7/09,16/7/09,22/7/09,15291,1408,1603,18501,762,992,18189,716,1352,1.138494318,1.30183727,1.888268156
1/8/09,1/8/09,5/8/09,13658,1395,1558,18890,762,934,19629,743,1224,1.116845878,1.225721785,1.647375505
15/8/09,16/8/09,19/8/09,15019,1395,1567,16290,785,889,17905,721,1187,1.123297491,1.132484076,1.646324549
1/9/09,1/9/09,9/9/09,18020,1395,1844,19289,767,1003,19830,722,1227,1.321863799,1.307692308,1.699445983
15/9/09,16/9/09,23/9/09,15589,1403,1527,19801,761,914,20200,716,1244,1.088382038,1.201051248,1.737430168
1/10/09,1/10/09,7/10/09,16201,1151,1392,18109,685,816,21301,584,1062,1.209383145,1.191240876,1.818493151
15/10/09,16/10/09,21/10/09,18899,1149,1544,19510,688,832,19901,592,1082,1.343777198,1.209302326,1.827702703
1/11/09,1/11/09,4/11/09,16747,1226,1395,18389,704,779,19000,582,923,1.137846656,1.106534091,1.585910653
15/11/09,16/11/09,18/11/09,17189,1146,1261,18002,687,797,18267,587,866,1.10034904,1.160116448,1.475298126
1/12/09,1/12/09,9/12/09,18502,1151,1658,19003,692,857,18509,589,850,1.440486533,1.238439306,1.443123939
15/12/09,16/12/09,23/12/09,18150,1150,1465,17889,697,816,17889,582,1005,1.273913043,1.170731707,1.726804124
1/1/10,1/1/10,6/1/10,18502,1152,1342,19190,687,883,19889,586,1011,1.164930556,1.285298399,1.725255973
15/1/10,16/1/10,20/1/10,20501,1151,1673,22400,717,1105,21899,588,1322,1.453518679,1.541143654,2.24829932
1/2/10,1/2/10,3/2/10,19989,1154,1326,23180,693,930,22401,601,1069,1.149046794,1.341991342,1.778702163
15/2/10,16/2/10,17/2/10,20340,1148,1493,23889,685,956,24229,590,1255,1.300522648,1.395620438,2.127118644
1/3/10,1/3/10,3/3/10,20802,1148,1758,26389,688,1087,27590,587,1184,1.531358885,1.57994186,2.017035775
15/3/10,16/3/10,17/3/10,28389,1146,2183,36089,711,1207,42001,584,1507,1.904886562,1.697609001,2.580479452
1/4/10,1/4/10,7/4/10,34001,705,1379,45501,571,858,49000,372,856,1.956028369,1.50262697,2.301075269
15/4/10,16/4/10,21/4/10,30000,706,1242,40001,561,896,43003,390,709,1.759206799,1.59714795,1.817948718
1/5/10,1/5/10,5/5/10,26102,806,1294,38000,550,869,39002,404,857,1.605459057,1.58,2.121287129
15/5/10,16/5/10,19/5/10,27389,699,1036,34600,561,715,39000,367,608,1.48211731,1.274509804,1.656675749
1/6/10,1/6/10,9/6/10,30051,706,1107,40002,553,779,41000,361,639,1.567988669,1.408679928,1.770083102
15/6/10,16/6/10,23/6/10,31510,699,902,39911,557,720,41006,362,682,1.290414878,1.292639138,1.883977901
1/7/10,1/7/10,7/7/10,29501,700,893,35909,557,671,41010,399,660,1.275714286,1.204667864,1.654135338
15/7/10,16/7/10,21/7/10,36162,699,967,42889,552,890,43565,363,725,1.383404864,1.612318841,1.997245179
1/8/10,1/8/10,4/8/10,32104,622,786,43334,479,662,42901,309,594,1.263665595,1.382045929,1.922330097
15/8/10,16/8/10,18/8/10,29000,606,975,42810,482,683,43501,315,583,1.608910891,1.417012448,1.850793651
1/9/10,1/9/10,8/9/10,33089,631,775,44129,479,757,44001,310,460,1.228209192,1.580375783,1.483870968
15/9/10,16/9/10,22/9/10,30001,597,993,42501,488,648,43290,309,520,1.663316583,1.327868852,1.682847896
1/10/10,1/10/10,6/10/10,33132,601,722,42801,479,630,44090,311,518,1.201331115,1.315240084,1.665594855
15/10/10,16/10/10,20/10/10,32415,647,817,44600,479,766,44900,311,455,1.262751159,1.599164927,1.463022508
1/11/10,1/11/10,3/11/10,34001,598,843,45501,482,718,46001,316,497,1.409698997,1.489626556,1.57278481
15/11/10,16/11/10,17/11/10,39000,597,833,47890,480,709,49890,333,634,1.395309883,1.477083333,1.903903904
1/12/10,1/12/10,8/12/10,47604,598,1020,62502,479,1034,64900,313,674,1.705685619,2.158663883,2.153354633
15/12/10,16/12/10,22/12/10,46129,617,755,72001,499,872,76102,311,463,1.223662885,1.74749499,1.488745981
1/1/11,1/1/11,5/1/11,38889,614,1192,69000,481,790,75789,309,475,1.941368078,1.642411642,1.537216828
15/1/11,16/1/11,19/1/11,40123,607,1091,58910,483,700,67009,319,433,1.797364086,1.449275362,1.357366771
1/2/11,1/2/11,9/2/11,37124,523,1146,53400,431,640,58890,333,648,2.191204589,1.484918794,1.945945946
15/2/11,16/2/11,23/2/11,42999,511,788,62000,424,726,62001,336,558,1.542074364,1.712264151,1.660714286
1/3/11,1/3/11,9/3/11,42600,532,875,61894,424,667,62010,336,574,1.644736842,1.573113208,1.708333333
15/3/11,16/3/11,23/3/11,43813,527,927,57002,424,579,59073,330,458,1.759013283,1.365566038,1.387878788
1/4/11,1/4/11,6/4/11,43212,512,813,55001,425,542,57100,341,454,1.587890625,1.275294118,1.331378299
15/4/11,16/4/11,20/4/11,44000,565,964,56801,423,627,56001,330,484,1.70619469,1.482269504,1.466666667
1/5/11,1/5/11,4/5/11,44790,511,944,56011,439,650,56490,330,498,1.847358121,1.480637813,1.509090909
15/5/11,16/5/11,18/5/11,46989,523,760,56300,424,564,56889,331,470,1.453154876,1.330188679,1.419939577
1/6/11,1/6/11,8/6/11,53390,510,880,63000,424,759,62000,338,530,1.725490196,1.79009434,1.568047337
15/6/11,16/6/11,22/6/11,50244,512,715,67700,423,684,65490,339,468,1.396484375,1.617021277,1.380530973
1/7/11,1/7/11,6/7/11,55989,514,839,68501,445,728,68811,372,509,1.63229572,1.635955056,1.36827957
15/7/11,16/7/11,20/7/11,56002,510,776,72501,436,626,74490,335,459,1.521568627,1.435779817,1.370149254
1/8/11,1/8/11,3/8/11,48801,566,1034,70890,354,469,70117,360,488,1.826855124,1.324858757,1.355555556
15/8/11,16/8/11,17/8/11,49301,557,927,65521,353,527,67000,337,516,1.66427289,1.492917847,1.53115727
1/9/11,1/9/11,7/9/11,51000,548,794,63002,359,496,65589,330,466,1.448905109,1.381615599,1.412121212
15/9/11,16/9/11,21/9/11,48006,548,951,64889,353,469,62502,332,449,1.73540146,1.328611898,1.352409639
1/10/11,1/10/11,5/10/11,50289,549,793,63600,356,524,65058,331,452,1.444444444,1.471910112,1.365558912
15/10/11,16/10/11,19/10/11,56112,565,873,75889,353,633,73600,330,518,1.545132743,1.793201133,1.56969697
1/11/11,1/11/11,9/11/11,55997,548,766,77000,356,551,78001,330,507,1.397810219,1.547752809,1.536363636
15/11/11,16/11/11,23/11/11,54887,559,756,77340,353,518,75889,355,496,1.352415027,1.467422096,1.397183099
1/12/11,1/12/11,7/12/11,52392,549,781,72350,354,474,74340,349,489,1.422586521,1.338983051,1.401146132
15/12/11,16/12/11,21/12/11,50001,566,878,70003,368,464,71000,334,521,1.551236749,1.260869565,1.55988024
1/1/12,1/1/12,4/1/12,46889,554,901,65801,356,511,65700,344,530,1.626353791,1.435393258,1.540697674
15/1/12,16/1/12,18/1/12,48112,657,903,67889,353,537,67101,380,538,1.374429224,1.521246459,1.415789474
1/2/12,1/2/12,8/2/12,52809,619,1058,73890,350,635,73801,312,425,1.709208401,1.814285714,1.362179487
15/2/12,16/2/12,22/2/12,57009,624,1017,78189,351,580,78000,314,507,1.629807692,1.652421652,1.614649682
1/3/12,1/3/12,7/3/12,56551,667,912,79304,354,626,76881,309,492,1.367316342,1.768361582,1.59223301
15/3/12,16/3/12,21/3/12,56501,636,1067,82003,352,529,80101,327,449,1.677672956,1.502840909,1.373088685
1/4/12,1/4/12,4/4/12,58501,637,960,83700,352,483,84590,309,413,1.507064364,1.372159091,1.336569579
15/4/12,16/4/12,18/4/12,64201,629,1011,91000,349,563,92010,308,447,1.607313196,1.613180516,1.451298701
1/5/12,1/5/12,9/5/12,62600,641,822,92050,354,545,88990,311,457,1.282371295,1.539548023,1.469453376
15/5/12,16/5/12,23/5/12,58001,630,945,85216,349,482,86889,321,544,1.5,1.381088825,1.69470405
1/6/12,1/6/12,6/6/12,59003,668,1004,83000,350,490,85889,315,526,1.502994012,1.4,1.66984127
15/6/12,16/6/12,20/6/12,59004,633,920,85400,349,477,84389,317,427,1.453396524,1.366762178,1.347003155
1/7/12,1/7/12,4/7/12,59421,641,872,82289,358,459,86999,312,410,1.360374415,1.282122905,1.314102564
15/7/12,16/7/12,18/7/12,68656,676,911,90501,353,549,92700,310,429,1.347633136,1.555240793,1.383870968
1/8/12,1/8/12,8/8/12,73501,421,724,94502,350,489,95034,260,354,1.719714964,1.397142857,1.361538462
15/8/12,16/8/12,22/8/12,66889,400,530,88002,351,532,93990,247,301,1.325,1.515669516,1.218623482
1/9/12,1/9/12,5/9/12,68000,399,518,80191,355,466,87999,245,349,1.298245614,1.312676056,1.424489796
15/9/12,16/9/12,19/9/12,63000,402,486,88500,351,523,89990,252,421,1.208955224,1.49002849,1.670634921
1/10/12,1/10/12,3/10/12,69000,401,506,80001,350,414,86889,243,312,1.261845387,1.182857143,1.283950617
15/10/12,16/10/12,17/10/12,71001,393,509,85801,353,540,87000,249,371,1.295165394,1.529745042,1.489959839
1/11/12,1/11/12,7/11/12,77201,395,621,92400,350,573,92100,244,401,1.572151899,1.637142857,1.643442623
15/11/12,16/11/12,21/11/12,77291,396,540,93004,351,487,93990,258,352,1.363636364,1.387464387,1.364341085
1/12/12,1/12/12,5/12/12,78523,395,482,90200,350,493,97000,246,329,1.220253165,1.408571429,1.337398374
15/12/12,16/12/12,19/12/12,81889,395,499,93501,360,478,95990,250,406,1.263291139,1.327777778,1.624
1/1/13,1/1/13,9/1/13,92100,410,555,96210,363,470,96101,256,393,1.353658537,1.29476584,1.53515625
15/1/13,16/1/13,23/1/13,91010,409,489,95501,351,452,97889,251,344,1.195599022,1.287749288,1.370517928
1/2/13,1/2/13,6/2/13,87109,335,418,92901,302,431,94890,238,295,1.247761194,1.427152318,1.239495798
15/2/13,16/2/13,20/2/13,78301,333,427,92667,303,409,91910,241,370,1.282282282,1.349834983,1.53526971
1/3/13,1/3/13,6/3/13,74689,336,1180,58090,326,1028,65001,255,1036,3.511904762,3.153374233,4.062745098
15/3/13,16/3/13,20/3/13,64209,337,923,73900,307,940,73301,279,635,2.738872404,3.061889251,2.275985663
1/4/13,1/4/13,3/4/13,61029,341,966,67010,302,835,66989,245,450,2.832844575,2.764900662,1.836734694
15/4/13,16/4/13,17/4/13,62497,333,993,62000,310,683,62000,240,421,2.981981982,2.203225806,1.754166667
1/5/13,1/5/13,8/5/13,62999,336,912,61700,317,601,62301,239,447,2.714285714,1.895899054,1.870292887
15/5/13,16/5/13,22/5/13,64839,333,888,67304,332,749,66701,251,466,2.666666667,2.256024096,1.856573705
1/6/13,1/6/13,5/6/13,67301,341,855,75000,302,732,76000,239,534,2.507331378,2.42384106,2.234309623
15/6/13,16/6/13,19/6/13,69903,342,788,81751,305,734,83001,251,466,2.304093567,2.406557377,1.856573705
1/7/13,1/7/13,3/7/13,73100,338,716,77110,331,652,77000,288,485,2.118343195,1.96978852,1.684027778
15/7/13,16/7/13,17/7/13,73989,334,621,76389,303,574,76802,240,425,1.859281437,1.894389439,1.770833333
1/8/13,1/8/13,7/8/13,75556,373,754,77600,380,682,77989,264,407,2.021447721,1.794736842,1.541666667
15/8/13,16/8/13,21/8/13,76223,366,596,76607,375,627,79223,264,385,1.628415301,1.672,1.458333333
1/9/13,1/9/13,4/9/13,77304,366,609,77100,381,623,80000,263,431,1.663934426,1.635170604,1.63878327
15/9/13,16/9/13,18/9/13,83751,370,654,86239,377,703,87001,261,459,1.767567568,1.864721485,1.75862069
1/10/13,1/10/13,9/10/13,85000,365,615,93500,376,649,93889,342,483,1.684931507,1.72606383,1.412280702
15/10/13,16/10/13,23/10/13,76889,373,596,87910,382,515,92289,269,337,1.597855228,1.348167539,1.252788104
1/11/13,1/11/13,6/11/13,72609,368,590,84578,376,482,89001,273,379,1.60326087,1.281914894,1.388278388
15/11/13,16/11/13,20/11/13,74991,364,650,79300,379,536,83000,266,410,1.785714286,1.414248021,1.541353383
1/12/13,1/12/13,4/12/13,73160,364,591,73010,373,549,76901,264,365,1.623626374,1.471849866,1.382575758
15/12/13,16/12/13,18/12/13,74002,367,574,75700,377,500,77501,268,375,1.564032698,1.326259947,1.399253731
1/1/14,1/1/14,8/1/14,72369,364,623,78700,386,581,79000,261,392,1.711538462,1.505181347,1.501915709
15/1/14,16/1/14,22/1/14,72290,368,724,79000,393,512,78810,261,373,1.967391304,1.302798982,1.429118774
1/2/14,1/2/14,5/2/14,71564,362,719,75300,360,523,77003,208,351,1.986187845,1.452777778,1.6875
15/2/14,16/2/14,19/2/14,77201,362,700,78604,355,519,79000,193,321,1.933701657,1.461971831,1.663212435
1/3/14,1/3/14,5/3/14,76999,365,615,80710,350,499,82000,193,292,1.684931507,1.425714286,1.512953368
15/3/14,16/3/14,19/3/14,78602,362,577,82900,353,524,84001,193,293,1.593922652,1.484419263,1.518134715
1/4/14,1/4/14,9/4/14,77400,367,537,84504,363,523,84100,199,283,1.463215259,1.44077135,1.422110553
15/4/14,16/4/14,23/4/14,71335,361,513,75010,351,486,73810,192,310,1.421052632,1.384615385,1.614583333
1/5/14,1/5/14,7/5/14,60002,513,676,70002,483,778,65501,295,525,1.317738791,1.610766046,1.779661017
15/5/14,16/5/14,21/5/14,65689,509,997,68103,484,716,67290,294,497,1.958742633,1.479338843,1.69047619
1/6/14,1/6/14,4/6/14,63190,507,1040,67304,494,807,67334,293,465,2.051282051,1.633603239,1.587030717
15/6/14,16/6/14,18/6/14,61899,509,1040,65700,490,716,65301,302,434,2.043222004,1.46122449,1.437086093
1/7/14,1/7/14,9/7/14,61990,513,1075,64889,493,812,63001,294,441,2.095516569,1.647058824,1.5
15/7/14,16/7/14,23/7/14,62890,509,1190,65001,498,850,65002,319,483,2.337917485,1.706827309,1.514106583
1/8/14,1/8/14,6/8/14,64600,574,1086,68689,507,1090,69001,245,429,1.891986063,2.149901381,1.751020408
15/8/14,16/8/14,20/8/14,65710,575,994,72990,506,1137,72810,241,358,1.728695652,2.247035573,1.485477178
1/9/14,1/9/14,3/9/14,64841,572,813,73010,511,909,74403,241,385,1.421328671,1.778864971,1.597510373
15/9/14,16/9/14,17/9/14,62000,573,792,71990,509,785,74801,256,395,1.382198953,1.542239686,1.54296875
1/10/14,1/10/14,8/10/14,63880,575,1097,72180,505,852,72003,245,390,1.907826087,1.687128713,1.591836735
15/10/14,16/10/14,22/10/14,63990,572,1092,72002,507,822,72201,242,335,1.909090909,1.621301775,1.384297521
1/11/14,1/11/14,5/11/14,64900,703,1196,70890,574,832,71300,272,403,1.701280228,1.449477352,1.481617647
15/11/14,16/11/14,19/11/14,67889,701,1144,72890,570,900,73900,263,382,1.631954351,1.578947368,1.452471483
1/12/14,1/12/14,3/12/14,67089,709,996,74389,584,873,76904,265,370,1.404795487,1.494863014,1.396226415
15/12/14,16/12/14,17/12/14,65889,705,868,74000,579,755,73990,264,446,1.231205674,1.303972366,1.689393939
1/1/15,1/1/15,7/1/15,66010,704,940,75289,571,833,75200,272,386,1.335227273,1.458844133,1.419117647
15/1/15,16/1/15,21/1/15,65001,705,1068,76889,576,915,76790,264,431,1.514893617,1.588541667,1.632575758
1/2/15,1/2/15,4/2/15,62002,992,1295,70890,724,959,71921,181,288,1.305443548,1.324585635,1.591160221
15/2/15,16/2/15,18/2/15,57199,988,1294,66751,722,1037,67901,193,373,1.309716599,1.436288089,1.932642487
1/3/15,1/3/15,4/3/15,61410,987,2120,68668,723,1239,70500,175,322,2.147922999,1.713692946,1.84
15/3/15,16/3/15,18/3/15,64700,987,2251,71889,723,1354,72100,174,290,2.28064843,1.87275242,1.666666667
1/4/15,1/4/15,8/4/15,67749,988,2340,76612,722,1661,78000,187,311,2.368421053,2.300554017,1.663101604
15/4/15,16/4/15,22/4/15,67601,987,2055,78001,728,1525,79500,176,331,2.082066869,2.09478022,1.880681818
1/5/15,1/5/15,6/5/15,68589,1444,2891,77600,934,1631,78004,292,445,2.002077562,1.746252677,1.523972603
15/5/15,16/5/15,20/5/15,66590,1434,2351,75002,948,1401,78001,283,364,1.639470014,1.477848101,1.286219081
1/6/15,1/6/15,3/6/15,66000,1432,1943,75000,929,1384,75801,272,392,1.356843575,1.48977395,1.441176471
15/6/15,16/6/15,17/6/15,61000,1429,1766,71509,928,1144,74501,272,373,1.235829251,1.232758621,1.371323529
1/7/15,1/7/15,8/7/15,58700,1466,1891,65501,934,1225,69001,274,411,1.289904502,1.311563169,1.5
15/7/15,16/7/15,22/7/15,55889,1435,1966,58109,930,1218,60101,272,441,1.370034843,1.309677419,1.621323529
1/8/15,1/8/15,5/8/15,56209,1688,2446,60789,1057,1634,57885,363,607,1.449052133,1.545884579,1.672176309
15/8/15,16/8/15,19/8/15,57498,1756,2597,62140,1058,1551,61001,363,609,1.478929385,1.465973535,1.67768595
1/9/15,1/9/15,9/9/15,57089,1688,2553,62101,1059,1628,61010,363,580,1.512440758,1.537299339,1.597796143
15/9/15,16/9/15,23/9/15,55399,1687,2276,60001,1058,1371,61300,368,542,1.349140486,1.29584121,1.472826087
1/10/15,1/10/15,7/10/15,56001,1687,2210,58190,1057,1373,58801,366,582,1.310017783,1.298959319,1.590163934
15/10/15,16/10/15,21/10/15,57301,1690,2229,59889,1073,1367,60000,361,584,1.318934911,1.273998136,1.617728532
1/11/15,1/11/15,4/11/15,56001,1664,2009,57501,1037,1267,60689,367,505,1.207331731,1.221793635,1.376021798
15/11/15,16/11/15,18/11/15,59200,1662,2140,61103,1029,1388,62019,365,519,1.287605295,1.34888241,1.421917808
1/12/15,1/12/15,9/12/15,56989,1698,2132,60001,1031,1324,60003,364,495,1.255594817,1.284190107,1.35989011
15/12/15,16/12/15,23/12/15,54301,1669,1978,55001,1027,1200,57501,360,512,1.185140803,1.168451801,1.422222222
1/1/16,1/1/16,6/1/16,45002,1659,2013,54920,1027,1262,55089,362,498,1.213381555,1.228821811,1.375690608
15/1/16,16/1/16,20/1/16,51301,1659,3437,50089,1026,1334,51000,360,713,2.071729958,1.300194932,1.980555556
1/2/16,1/2/16,3/2/16,46651,2038,2972,38610,1216,1624,44001,446,824,1.458292444,1.335526316,1.847533632
15/2/16,16/2/16,17/2/16,43000,2049,2965,46970,1208,2898,45009,456,873,1.44704734,2.399006623,1.914473684
1/3/16,1/3/16,9/3/16,45000,2033,3518,47604,1209,2706,48002,449,951,1.730447614,2.2382134,2.118040089
15/3/16,16/3/16,23/3/16,45504,2053,3836,46502,1220,2491,46667,452,912,1.868485144,2.041803279,2.017699115
1/4/16,1/4/16,6/4/16,46009,2105,3719,47000,1218,2247,47510,583,1397,1.766745843,1.844827586,2.396226415
15/4/16,16/4/16,20/4/16,47300,2062,3327,49602,1211,2364,49501,453,834,1.613482056,1.952105698,1.841059603
1/5/16,1/5/16,4/5/16,47889,2218,3446,51010,1462,2435,49000,750,1380,1.553651939,1.665526676,1.84
15/5/16,16/5/16,18/5/16,47020,2217,3227,49156,1537,2322,49700,534,815,1.455570591,1.510735198,1.526217228
1/6/16,1/6/16,8/6/16,53694,2218,4545,56000,1470,3436,55100,536,860,2.049143372,2.337414966,1.604477612
15/6/16,16/6/16,22/6/16,55200,2252,3957,57010,1463,2914,57390,538,1009,1.757104796,1.991797676,1.875464684
1/7/16,1/7/16,6/7/16,52301,2222,3194,56089,1469,2547,56002,517,750,1.437443744,1.733832539,1.450676983
15/7/16,16/7/16,20/7/16,53000,2272,3195,57508,1463,2439,57501,521,821,1.40625,1.667122351,1.575815739
1/8/16,1/8/16,3/8/16,52503,2018,2712,57903,1336,2156,58201,429,610,1.343904856,1.613772455,1.421911422
15/8/16,16/8/16,17/8/16,53334,2034,2803,56500,1336,2088,56956,450,618,1.378072763,1.562874251,1.373333333
1/9/16,1/9/16,7/9/16,51506,2067,2739,57002,1372,2183,56889,458,723,1.325108853,1.591107872,1.57860262
15/9/16,16/9/16,21/9/16,50000,2008,2610,55501,1338,2017,55201,429,592,1.299800797,1.507473842,1.37995338
1/10/16,1/10/16,5/10/16,51507,2064,2938,53001,1350,1785,54200,436,642,1.423449612,1.322222222,1.472477064
15/10/16,16/10/16,19/10/16,50991,2023,2584,56410,1340,1768,56340,429,678,1.277310924,1.319402985,1.58041958
1/11/16,1/11/16,9/11/16,52668,1929,2800,56206,1347,2012,56000,401,641,1.45152929,1.493689681,1.598503741
15/11/16,16/11/16,23/11/16,50951,1846,2536,53001,1254,1708,54901,401,531,1.373781148,1.362041467,1.324189526
1/12/16,1/12/16,7/12/16,48000,1844,2335,46229,1245,1494,50010,413,643,1.26626898,1.2,1.556900726
15/12/16,16/12/16,21/12/16,49751,1844,2554,51109,1244,2052,50389,404,668,1.385032538,1.649517685,1.653465347
1/1/17,1/1/17,4/1/17,50101,1877,2260,53106,1252,1835,53001,401,648,1.204049014,1.465654952,1.6159601
15/1/17,16/1/17,18/1/17,50889,1846,2437,52807,1246,1967,52600,400,662,1.320151679,1.578651685,1.655
1/2/17,1/2/17,8/2/17,48401,2060,2691,48209,1366,1783,48556,488,805,1.30631068,1.305270864,1.649590164
15/2/17,16/2/17,24/2/17,49430,2133,2926,50621,1377,2126,51000,500,800,1.37177684,1.543936093,1.6
1/3/17,1/3/17,15/3/17,50789,2061,3190,53300,1371,2298,53001,482,763,1.547792334,1.676148796,1.582987552
15/3/17,16/3/17,29/3/17,51765,2096,2961,54000,1357,2081,54501,499,783,1.41269084,1.533529845,1.569138277
1/4/17,1/4/17,12/4/17,52000,2068,2486,54405,1360,1970,54556,486,748,1.20212766,1.448529412,1.53909465
15/4/17,16/4/17,26/4/17,51600,2052,2442,54406,1369,2000,54616,482,712,1.19005848,1.46092038,1.477178423
1/5/17,1/5/17,10/5/17,51106,1905,2240,55414,1320,1996,55000,529,755,1.175853018,1.512121212,1.427221172
15/5/17,16/5/17,24/5/17,46489,1920,2601,53001,1325,1725,52000,532,731,1.3546875,1.301886792,1.37406015
1/6/17,1/6/17,7/6/17,45201,1898,2245,50110,1325,1582,50526,528,878,1.182824025,1.193962264,1.662878788
15/6/17,16/6/17,21/6/17,42801,1906,2302,47501,1321,1651,48001,553,925,1.207764953,1.249810749,1.672694394
1/7/17,1/7/17,5/7/17,42801,1904,2296,49802,1322,1910,49899,528,872,1.205882353,1.444780635,1.651515152
15/7/17,16/7/17,19/7/17,44002,1907,2389,50001,1322,1784,50101,562,941,1.252753015,1.349470499,1.674377224
1/8/17,1/8/17,9/8/17,46778,1817,2403,53711,1286,1978,52751,547,822,1.322509631,1.538102644,1.50274223
15/8/17,16/8/17,23/8/17,42900,1817,2148,51000,1293,1683,50000,586,781,1.182168409,1.30162413,1.332764505
1/9/17,1/9/17,6/9/17,36001,1820,2195,49000,1290,1704,48005,543,805,1.206043956,1.320930233,1.482504604
15/9/17,16/9/17,20/9/17,42902,1815,3469,49189,1288,1859,49012,565,905,1.911294766,1.443322981,1.601769912
1/10/17,1/10/17,4/10/17,41761,1829,2808,48109,1285,1646,49000,540,869,1.535265172,1.280933852,1.609259259
15/10/17,16/10/17,18/10/17,41617,1815,2391,49996,1285,1718,52000,542,809,1.317355372,1.336964981,1.492619926
1/11/17,1/11/17,8/11/17,47112,1683,3430,57414,1376,2515,57000,524,867,2.038027332,1.827761628,1.654580153
15/11/17,16/11/17,22/11/17,46791,1686,2721,57390,1383,2173,57501,516,844,1.613879004,1.571221981,1.635658915
1/12/17,1/12/17,6/12/17,42339,1680,2158,53711,1375,1805,54334,542,831,1.28452381,1.312727273,1.533210332
15/12/17,16/12/17,20/12/17,38200,1687,1970,47002,1374,1634,48011,531,1003,1.167753408,1.18922853,1.888888889
1/1/18,1/1/18,4/1/18,41400,1693,2264,45289,1374,1811,47390,518,923,1.337271116,1.318049491,1.781853282
15/1/18,16/1/18,17/1/18,36890,1713,1938,42661,1381,1654,44000,515,817,1.131348511,1.197682839,1.586407767
1/2/18,1/2/18,7/2/18,40000,1557,2389,42322,1396,1831,39903,566,790,1.534360951,1.311604585,1.395759717
15/2/18,16/2/18,21/2/18,36810,1562,2073,39000,1391,1744,38801,586,1216,1.327144686,1.253774263,2.075085324
1/3/18,1/3/18,7/3/18,38830,1580,2405,39001,1390,1731,39000,571,967,1.522151899,1.245323741,1.69352014
15/3/18,16/3/18,21/3/18,38000,1559,2117,37010,1402,1639,38000,571,977,1.357921745,1.169044223,1.711033275
1/4/18,1/4/18,4/4/18,37000,1566,1888,37605,1389,1689,38039,612,967,1.205619413,1.215982721,1.580065359
15/4/18,16/4/18,18/4/18,38510,1566,2027,37330,1417,1919,38389,573,1027,1.294380587,1.354269584,1.792321117
1/5/18,1/5/18,9/5/18,38941,1435,1836,38501,1280,2155,38600,565,1008,1.279442509,1.68359375,1.784070796
15/5/18,16/5/18,23/5/18,38001,1434,1805,37989,1283,1915,38700,558,836,1.258716876,1.492595479,1.498207885
1/6/18,1/6/18,6/6/18,36426,1441,1696,36000,1293,1727,37000,559,927,1.176960444,1.335653519,1.658318426
15/6/18,16/6/18,20/6/18,34110,1446,1818,33900,1316,1729,34400,581,868,1.257261411,1.313829787,1.493975904
1/7/18,1/7/18,4/7/18,25000,1435,1626,31000,1288,1637,31001,591,975,1.133101045,1.270962733,1.649746193
15/7/18,16/7/18,18/7/18,32699,1443,3100,32551,1285,1919,32809,558,1082,2.148302148,1.493385214,1.9390681
1/8/18,1/8/18,8/8/18,33798,1672,3633,34381,1265,2132,33420,536,896,2.17284689,1.685375494,1.671641791
15/8/18,16/8/18,22/8/18,31997,1695,2948,32429,1272,2031,32311,527,927,1.739233038,1.596698113,1.759013283
1/9/18,1/9/18,5/9/18,30209,1664,2488,32001,1274,1959,31801,540,1006,1.495192308,1.537676609,1.862962963
15/9/18,16/9/18,19/9/18,28000,1664,2059,31307,1278,1859,32000,530,928,1.237379808,1.454616588,1.750943396
1/10/18,1/10/18,3/10/18,28457,1668,2059,31301,1271,1886,32552,561,1066,1.23441247,1.483870968,1.900178253
15/10/18,16/10/18,17/10/18,25556,1674,1811,31302,1273,1856,32900,539,779,1.081839904,1.457973291,1.445269017
1/11/18,1/11/18,7/11/18,28199,1819,2849,32302,1265,2142,32000,557,862,1.56624519,1.693280632,1.547576302
15/11/18,16/11/18,21/11/18,25000,1818,2231,31101,1241,1786,30959,552,930,1.227172717,1.439161966,1.684782609
1/12/18,1/12/18,5/12/18,23568,1878,2177,31001,1239,1780,30851,552,1021,1.159211928,1.436642454,1.849637681
15/12/18,16/12/18,19/12/18,25501,1890,2729,31001,1243,1804,31809,545,778,1.443915344,1.451327434,1.427522936
1/1/19,1/1/19,9/1/19,30009,1424,1902,39728,1139,1346,42002,380,724,1.335674157,1.181738367,1.905263158
15/1/19,16/1/19,23/1/19,26999,1424,1742,35906,1141,1418,39400,381,536,1.223314607,1.2427695,1.406824147
1/2/19,1/2/19,6/2/19,28589,1431,1795,34000,1141,1390,36901,379,523,1.254367575,1.218229623,1.37994723
15/2/19,16/2/19,20/2/19,26667,1623,1902,39406,1143,1677,39889,375,751,1.171903882,1.467191601,2.002666667
1/3/19,1/3/19,6/3/19,26309,1659,2213,36961,1233,1903,37620,408,689,1.333936106,1.543390105,1.68872549
15/3/19,16/3/19,20/3/19,26659,1650,2204,39401,1201,1878,41000,397,730,1.335757576,1.563696919,1.838790932
1/4/19,1/4/19,3/4/19,29159,1656,2338,43102,1202,1782,48209,400,648,1.411835749,1.482529118,1.62
15/4/19,16/4/19,17/4/19,33199,1653,2249,48000,1205,1634,52410,398,667,1.360556564,1.356016598,1.675879397
1/5/19,1/5/19,8/5/19,36704,1431,1988,48010,1139,1360,52502,384,513,1.389238295,1.194029851,1.3359375
15/5/19,16/5/19,22/5/19,27000,1475,1799,42564,1163,1407,47000,382,626,1.219661017,1.209802236,1.638743455
1/6/19,1/6/19,5/6/19,30009,1424,1902,39728,1139,1346,42002,380,724,1.335674157,1.181738367,1.905263158
15/6/19,16/6/19,19/6/19,26999,1424,1742,35906,1141,1418,39400,381,536,1.223314607,1.2427695,1.406824147
1/7/19,1/7/19,3/7/19,28589,1431,1795,34000,1141,1390,36901,379,523,1.254367575,1.218229623,1.37994723
15/7/19,16/7/19,17/7/19,26667,1623,1902,39406,1143,1677,39889,375,751,1.171903882,1.467191601,2.002666667
1/8/19,1/8/19,7/8/19,32725,1059,2023,40001,1047,1487,40512,357,589,1.910292729,1.420248329,1.649859944
15/8/19,16/8/19,21/8/19,31917,1062,1725,38602,1045,1415,40002,363,593,1.624293785,1.354066986,1.633608815
1/9/19,1/9/19,4/9/19,31783,1056,1656,36001,1046,1289,37912,359,552,1.568181818,1.232313576,1.537604457
15/9/19,16/9/19,18/9/19,31759,1056,1453,37000,1044,1418,40000,365,632,1.37594697,1.358237548,1.731506849
1/10/19,1/10/19,9/10/19,34001,1057,1659,41361,1048,1559,41001,364,601,1.569536424,1.48759542,1.651098901
15/10/19,16/10/19,23/10/19,32309,1060,1467,41805,1044,1503,42020,369,506,1.383962264,1.439655172,1.371273713
1/11/19,1/11/19,6/11/19,30000,1043,1302,40009,1017,1296,40101,383,587,1.248322148,1.274336283,1.532637076
15/11/19,16/11/19,20/11/19,32000,1023,1468,39700,1019,1331,40889,390,540,1.434995112,1.306182532,1.384615385
1/12/19,1/12/19,4/12/19,33009,1030,1386,37900,1013,1265,38889,384,518,1.345631068,1.248766041,1.348958333
15/12/19,16/12/19,18/12/19,32889,1029,1256,36000,1015,1251,37989,384,496,1.220602527,1.232512315,1.291666667
1/1/20,1/1/20,8/1/20,35320,1035,1450,37109,1022,1229,38000,384,541,1.400966184,1.202544031,1.408854167
15/1/20,16/1/20,22/1/20,35010,1034,1390,37705,1012,1157,37500,388,528,1.344294004,1.143280632,1.360824742
1/2/20,1/2/20,5/2/20,30010,982,1204,30890,984,1173,34900,335,525,1.226069246,1.192073171,1.567164179
15/2/20,16/2/20,19/2/20,32999,982,1564,32889,987,1459,33301,328,550,1.592668024,1.478216819,1.676829268
1/3/20,1/3/20,4/3/20,32699,978,1436,32801,987,1347,32500,333,512,1.468302658,1.364741641,1.537537538
15/3/20,16/3/20,18/3/20,31210,982,1421,30012,992,1366,32500,331,503,1.447046843,1.377016129,1.519637462
1/4/20,1/4/20,8/4/20,,,,,,,,,,,,
15/4/20,16/4/20,22/4/20,,,,,,,,,,,,
1/5/20,1/5/20,6/5/20,,,,,,,,,,,,
15/5/20,16/5/20,20/5/20,,,,,,,,,,,,
1/6/20,1/6/20,3/6/20,,,,,,,,,,,,
15/6/20,16/6/20,17/6/20,,,,,,,,,,,,
1/7/20,1/7/20,8/7/20,33520,1289,3061,35889,1291,3160,34989,444,937,2.374709077,2.44771495,2.11036036
15/7/20,16/7/20,22/7/20,32699,1304,2485,35001,1339,2497,35001,448,714,1.905674847,1.864824496,1.59375
1/8/20,1/8/20,5/8/20,33000,1022,2047,37102,932,1985,36502,472,784,2.002935421,2.129828326,1.661016949
15/8/20,16/8/20,19/8/20,35710,1034,2099,38802,923,1727,38110,474,764,2.029980658,1.871072589,1.611814346
1/9/20,1/9/20,9/9/20,37766,1035,1737,41510,904,1715,40790,470,672,1.67826087,1.897123894,1.429787234
15/9/20,16/9/20,23/9/20,38504,1034,1540,40989,912,1497,41001,471,671,1.489361702,1.641447368,1.42462845
1/10/20,1/10/20,7/10/20,36534,912,1272,40690,805,1218,40301,427,688,1.394736842,1.513043478,1.611241218
15/10/20,16/10/20,21/10/20,37334,916,1323,40990,793,1272,39889,430,672,1.444323144,1.604035309,1.562790698
1/11/20,1/11/20,4/11/20,35990,967,1262,39000,1013,1415,39500,464,683,1.305067218,1.396841066,1.471982759
15/11/20,16/11/20,18/11/20,37690,972,1361,41101,1007,1559,41503,520,803,1.400205761,1.54816286,1.544230769
1/12/20,1/12/20,9/12/20,40714,978,1620,45012,1035,1712,45510,464,722,1.656441718,1.65410628,1.556034483
15/12/20,16/12/20,23/12/20,40556,969,1403,49300,1009,1631,49500,471,688,1.447884417,1.616451933,1.460721868
1/1/21,1/1/21,6/1/21,40609,963,1280,49001,1023,1396,49489,467,758,1.329179647,1.364613881,1.623126338
15/1/21,16/1/21,20/1/21,43501,966,1309,50100,1018,1338,51900,466,705,1.355072464,1.314341847,1.512875536
1/2/21,1/2/21,3/2/21,42000,885,1098,46790,943,1107,49778,300,435,1.240677966,1.173913043,1.45
15/2/21,16/2/21,17/2/21,41001,903,1226,46002,942,1168,47506,304,503,1.357696567,1.239915074,1.654605263
1/3/21,1/3/21,3/3/21,41996,887,1175,45001,942,1121,47001,296,450,1.324689966,1.190021231,1.52027027
15/3/21,16/3/21,17/3/21,44589,886,1186,47001,946,1222,47806,298,430,1.338600451,1.291754757,1.44295302
1/4/21,1/4/21,7/4/21,45600,883,1212,52309,958,1524,52200,296,635,1.372593431,1.590814196,2.14527027
15/4/21,16/4/21,21/4/21,49640,890,1290,61190,956,1585,62100,303,633,1.449438202,1.657949791,2.089108911
1/5/21,1/5/21,5/5/21,48002,832,1100,60001,819,1244,63002,268,387,1.322115385,1.518925519,1.444029851
15/5/21,16/5/21,19/5/21,41801,835,1209,58089,817,1089,62000,266,400,1.447904192,1.332925337,1.503759398
1/6/21,1/6/21,9/6/21,48510,858,1439,60109,815,1107,61112,259,331,1.677156177,1.358282209,1.277992278
15/6/21,16/6/21,23/6/21,47821,830,1178,56032,809,983,58001,265,519,1.419277108,1.215080346,1.958490566
1/7/21,1/7/21,7/7/21,45001,867,1149,56100,840,1087,57700,259,416,1.325259516,1.294047619,1.606177606
15/7/21,16/7/21,21/7/21,47010,836,1240,59501,819,1107,60001,267,408,1.483253589,1.351648352,1.528089888
1/8/21,1/8/21,4/8/21,45189,805,1021,56001,771,980,59599,199,288,1.268322981,1.271076524,1.447236181
15/8/21,16/8/21,18/8/21,46689,806,1127,61001,794,1065,64901,198,408,1.398263027,1.341309824,2.060606061
1/9/21,1/9/21,8/9/21,47000,804,1124,62600,791,1080,64700,206,319,1.39800995,1.365360303,1.548543689
15/9/21,16/9/21,22/9/21,48000,803,1040,68310,772,1189,70002,198,400,1.295143213,1.54015544,2.02020202
1/10/21,1/10/21,6/10/21,47001,816,1077,70200,774,1130,72756,214,442,1.319852941,1.45994832,2.065420561
15/10/21,16/10/21,20/10/21,52709,811,1304,80210,774,1240,85000,210,391,1.607891492,1.602067183,1.861904762
1/11/21,1/11/21,3/11/21,53709,536,834,82801,587,839,88000,159,257,1.555970149,1.429301533,1.616352201
15/11/21,16/11/21,17/11/21,55001,537,706,79601,594,797,86001,164,253,1.314711359,1.341750842,1.542682927
1/12/21,1/12/21,8/12/21,57010,536,771,80401,593,822,85000,149,245,1.438432836,1.386172007,1.644295302
15/12/21,16/12/21,22/12/21,58801,534,740,80989,595,829,83889,177,241,1.38576779,1.393277311,1.361581921
1/1/22,1/1/22,5/1/22,57599,543,760,77700,587,712,82501,149,193,1.399631676,1.212947189,1.295302013
15/1/22,16/1/22,19/1/22,57898,531,711,82001,592,907,83911,145,226,1.338983051,1.532094595,1.55862069
1/2/22,1/2/22,9/2/22,60761,542,819,86102,550,865,87000,180,269,1.511070111,1.572727273,1.494444444
15/2/22,16/2/22,23/2/22,63000,536,876,93590,559,939,93102,180,300,1.634328358,1.679785331,1.666666667
1/3/22,1/3/22,9/3/22,68501,531,962,94889,551,860,98890,190,318,1.811676083,1.560798548,1.673684211
15/3/22,16/3/22,23/3/22,71556,543,849,98889,555,824,99010,180,344,1.563535912,1.484684685,1.911111111
1/4/22,1/4/22,6/4/22,72996,536,723,98389,550,708,99999,180,290,1.348880597,1.287272727,1.611111111
15/4/22,16/4/22,20/4/22,68699,532,744,90002,560,687,95801,184,295,1.398496241,1.226785714,1.60326087
1/5/22,1/5/22,4/5/22,70901,612,804,92090,527,699,91112,195,283,1.31372549,1.326375712,1.451282051
15/5/22,16/5/22,18/5/22,68001,625,819,95889,528,709,95901,191,309,1.3104,1.34280303,1.617801047
1/6/22,1/6/22,8/6/22,73801,612,874,100684,528,851,100697,190,316,1.428104575,1.611742424,1.663157895
15/6/22,16/6/22,22/6/22,74989,614,850,106001,531,822,104400,194,276,1.384364821,1.548022599,1.422680412
1/7/22,1/7/22,6/7/22,78001,617,900,107800,527,695,110524,195,340,1.458670989,1.318785579,1.743589744
15/7/22,16/7/22,20/7/22,78899,628,834,110003,527,702,114001,194,317,1.328025478,1.332068311,1.634020619
1/8/22,1/8/22,3/8/22,80000,554,689,107001,474,612,113000,167,293,1.24368231,1.291139241,1.754491018
15/8/22,16/8/22,17/8/22,87889,551,835,112001,471,665,112001,163,273,1.515426497,1.411889597,1.674846626
1/9/22,1/9/22,7/9/22,86000,556,723,113000,470,627,113299,165,260,1.300359712,1.334042553,1.575757576
15/9/22,16/9/22,21/9/22,84000,543,759,108051,471,553,107201,176,297,1.397790055,1.174097665,1.6875
1/10/22,1/10/22,5/10/22,80501,564,724,95856,474,635,105001,179,232,1.283687943,1.339662447,1.296089385
15/10/22,16/10/22,19/10/22,81089,559,714,110000,470,848,108003,164,285,1.277280859,1.804255319,1.737804878
1/11/22,1/11/22,9/11/22,87235,460,687,115388,411,640,116577,146,283,1.493478261,1.557177616,1.938356164
15/11/22,16/11/22,23/11/22,90589,459,622,113881,416,568,114009,150,242,1.355119826,1.365384615,1.613333333
1/12/22,1/12/22,7/12/22,88503,458,616,105501,427,568,110524,149,266,1.344978166,1.330210773,1.785234899
15/12/22,16/12/22,21/12/22,88007,473,618,108006,409,564,109600,146,273,1.306553911,1.378973105,1.869863014
1/1/23,1/1/23,4/1/23,80000,462,649,102002,410,487,107889,146,285,1.404761905,1.187804878,1.952054795
15/1/23,16/1/23,18/1/23,,,,,,,,,,,,
1/2/23,1/2/23,8/2/23,,,,,,,,,,,,
15/2/23,16/2/23,22/2/23,,,,,,,,,,,,
1/3/23,1/3/23,8/3/23,,,,,,,,,,,,
15/3/23,16/3/23,22/3/23,,,,,,,,,,,,